{
  "extends": ["tslint:all", "tslint-config-prettier", "tslint-consistent-codestyle"],
  "rules": {
    // This rule has side effects and must be disabled
    "no-unused-variable": false,

    "no-submodule-imports": false,
    "no-null-keyword": false,
    // We don't want these
    "newline-before-return": false,
    "no-any": false,
    "no-magic-numbers": false,
    "no-parameter-properties": false,
    "no-require-imports": false,
    "prefer-function-over-method": [false],
    "strict-boolean-expressions": false,
    "no-inferrable-types": false,
    "ban-ts-ignore": false,
    "increment-decrement": false,
    "promise-function-async": false,
    "ban-types": [true, ["async", "Use Promises instead, it add a lot to bundle size."]],
    // These are too strict in tslint:all
    "comment-format": [true, "check-space"],
    "completed-docs": [
      true,
      {
        "classes": {
          "tags": {
            "content": {},
            "existence": ["inheritDoc", "hidden"]
          }
        },
        "enums": {
          "tags": {
            "content": {},
            "existence": ["inheritDoc", "hidden"]
          }
        },
        "enum-members": {
          "tags": {
            "content": {},
            "existence": ["inheritDoc", "hidden"]
          }
        },
        "functions": {
          "tags": {
            "content": {},
            "existence": ["inheritDoc", "hidden"]
          }
        },
        "interfaces": {
          "tags": {
            "content": {},
            "existence": ["inheritDoc", "hidden"]
          }
        },
        "methods": {
          "tags": {
            "content": {},
            "existence": ["inheritDoc", "hidden"]
          }
        },
        "properties": {
          "tags": {
            "content": {},
            "existence": ["inheritDoc", "hidden"]
          },
          "locations": "instance"
        }
      }
    ],
    "interface-name": [true, "never-prefix"],
    "member-ordering": [true, "statics-first"],
    "no-console": [true, "log"],
    "only-arrow-functions": [true, "allow-named-functions"],
    "typedef": [true, "call-signature", "parameter", "property-declaration", "member-variable-declaration"],
    "variable-name": [true, "check-format", "allow-leading-underscore", "ban-keywords"],
    "naming-convention": [
      true,
      // this config will apply to properties AND methods, if you only need it for properties, use "property" instead of "member"
      { "type": "member", "modifiers": "protected", "leadingUnderscore": "require" },
      { "type": "member", "modifiers": "private", "leadingUnderscore": "require" }
    ],
    // we cannot use Promises as they are not IE10-11 compatibile, so we had to create our own implementation
    "await-promise": [true, "PromiseLike"]
  }
}
